N,level_0_num,level_1_num,level_2_num,level_3_num,level_4_num,level_5_num,level_0_analytic,level_1_analytic,level_2_analytic,level_3_analytic,level_4_analytic,level_5_analytic,level_0_relerr,level_1_relerr,level_2_relerr,level_3_relerr,level_4_relerr,level_5_relerr
10,0.5,1.5,2.5000000000000004,3.4999999999999996,4.5,5.500000000000001,0.5,1.5,2.5,3.5,4.5,5.5,0.0,0.0,1.7763568393995398e-16,1.2688263138569593e-16,0.0,1.6148698539999341e-16
20,0.5,1.5,2.5000000000000004,3.4999999999999996,4.5,5.500000000000001,0.5,1.5,2.5,3.5,4.5,5.5,0.0,0.0,1.7763568393995398e-16,1.2688263138569593e-16,0.0,1.6148698539999341e-16
40,0.5,1.5,2.5000000000000004,3.4999999999999996,4.5,5.500000000000001,0.5,1.5,2.5,3.5,4.5,5.5,0.0,0.0,1.7763568393995398e-16,1.2688263138569593e-16,0.0,1.6148698539999341e-16
80,0.5,1.5,2.5000000000000004,3.4999999999999996,4.5,5.500000000000001,0.5,1.5,2.5,3.5,4.5,5.5,0.0,0.0,1.7763568393995398e-16,1.2688263138569593e-16,0.0,1.6148698539999341e-16
